{
  "experiment_id": "exp_011_deberta_lgbm_A",
  "metric": "macro_f1",
  "cv_strategy": "StratifiedGroupKFold(5,group=session,seed=42)",
  "stage1_model": "microsoft/deberta-v3-small",
  "stage1_input": "[last_action] [SEP] prompt",
  "stage1_cv_scores": [
    0.5720456685547177,
    0.5679396678137189,
    0.5541521234428433,
    0.5618983591386151,
    0.5598259803477027
  ],
  "stage1_cv_mean": 0.5631723598595195,
  "stage2_model": "LightGBM",
  "stage2_n_features": 21,
  "cv_fold_scores": [
    0.6636596986915675,
    0.6556478390745056,
    0.6432253167778083,
    0.6524968757650484,
    0.6664501326027714
  ],
  "cv_mean": 0.6562959725823403,
  "cv_std": 0.008282833872098586,
  "per_class_f1": {
    "read_file": 0.5062313885518914,
    "grep_search": 0.5865588890616094,
    "list_directory": 0.41858200233735876,
    "glob_pattern": 0.5950463765161553,
    "edit_file": 0.8908466214430447,
    "write_file": 0.9851551956815114,
    "apply_patch": 0.7495445289893902,
    "run_bash": 0.7436100653853774,
    "run_tests": 0.6480925846549507,
    "lint_or_typecheck": 0.46939236503275356,
    "ask_user": 0.5449951409135083,
    "plan_task": 0.6150139017608897,
    "web_search": 0.44759825327510916,
    "respond_only": 0.998840579710145
  },
  "deberta_per_class_f1": {
    "read_file": 0.28914167528438467,
    "grep_search": 0.33449738089299075,
    "list_directory": 0.4073296154124719,
    "glob_pattern": 0.30428769017980634,
    "edit_file": 0.7855342164367236,
    "write_file": 0.9784696919509771,
    "apply_patch": 0.5528041499461681,
    "run_bash": 0.7216962524654832,
    "run_tests": 0.6009528130671506,
    "lint_or_typecheck": 0.4475126903553299,
    "ask_user": 0.4959839357429719,
    "plan_task": 0.5579452912925454,
    "web_search": 0.41837020442453093,
    "respond_only": 0.9986491702045542
  },
  "worst_class": "list_directory",
  "collapsed_classes": [],
  "model_size_mb": 576.3,
  "inference_ms_per_sample": 0.042,
  "estimated_full_test_minutes": 5.02,
  "offline_compatible": true,
  "seed": 42
}